{
  "packets_processed": 616,
  "alerts_triggered": 0,
  "ips_blocked": 0,
  "ipv6_blocked": 0,
  "domains_blocked": 0,
  "start_time": "2025-12-24T23:37:48.016827",
  "uptime_seconds": 192.71004104614258
}